Enfermedad,Secuencia
l'Inflammation Enragée,CGTTTA
l'Estomac Remédiable,GAGCATCT
les Verrues de Désert,TCTATG
l'Intoxication Impossible,TCATG
la Rougeole Argentée,TATTGC
l'Anthropophagie de Roc,AGTCTT
la Mort Engourdie,CTAGTT
l'Anxiété de Sommeil,ATTACGCG
l'Insuffisance de Sorcier,GTACATCG
la Plaie de Marais,CGATTAGC
le Dysfonctionnement de Diable,TCTGGAAC
les Ampoules de Jungle,ATCATGG
la Peau Sauvage,CACGTAGT
l'Allergie Pestilentielle,TTGCAT
l'Insuffisance de Froid,CTGTA
la Bronchite Horrible,GTACT
les Crampes Violent,GGATATCC
les Yeux Contagieux,GGAATCCT
la Diphtérie Rampante,GAATGTCC
l'Ulcère Paralysant,AGTCAGT
l'Éternuement Impossible,TGGACTCA
le Choc Rongeur,TTCAGGA
les Frissons de Dragon,GTCTGCAA
la Cécité de Contractions,AGTCT
les Yeux de Lion,TAACTGCG
la Scarification Souriante,CTTAG
la Pourriture de Chat,CTTCGAAG
la Rage Inconstante,GTACATG
la Stérilité de la Mémoire,CCAAGGTT
les Verrues d'Étranger,ATCAGGTC
